id_participante,resultado
a71f84e476d03bd0b25d45e44eeed9a8efehw,0
e134f2bb79d1a810aada6a24760c8910mh5na,0
069d020584a0e8c61e622321d4c43881j7pl3,0
120beb4523541f769a2b658cbc41dd57w7im7,0
54957cfd12ec8c64918b6200ea25d27fsc9hx,0
88641b0f22cf175876bfc4adc44c00f58b5rz,0
0b450f2827ec670da34be66ec2a520213xcuk,0
37d71b4ae830fcfa6f0c4f65ec386414n8h5l,0
5b45b150b6b683a98b5bc19c4214f44cvzru7,0
673650167f432c009e9dcd062cd4e9fc2szln,0
af5d33f9724b0e8c1f875406c0556d1e6eotm,0
d9a813646e8fae954898c1279196f5493gqzc,0
86091a1e6c99358936979baf67d54457x1dzy,0
dcac75b5ccc362a66e7f9112f033bdebchxq4,0
cc4763c97c3d7cc9116e0a51a6d1f2e82242i,0
6a97f70ba29a04e77eb3b137e157070dc2mqc,0
d2f0217aa734f025ec008d24d13eca10ntuhf,0
afb7618f9e3fd071d4ebedf396e1d45drta96,0
3cab5bd983f5be9c16789b6c14bae982nhi9c,0
b416bf88dedd6ccdbc3a2146524500258qdzz,0
4af5e2532224f9f7d1d039704573d9205jbkv,0
3ded667003605eb856ed1aa2b82c1732gtma1,0
c41f5fb84d9f9e2456a5264c79919569vrhau,0
f0c356e136831c41884b0732ae3198e0gcy8w,0
ef24ca4be7ccbd6ec68d4ea9f47c9e8ex1g09,0
9fada390b6c53ecb47e6f4eb4353e14f01xu0,0
f93a998dc10a4c98f65c6b86fdff651d5i4qh,0
d5337c2d4b58426b30c8733313eb5247syn5p,0
6a1d4042a5f3a3f34f5b3ea753ecce30l0qj1,0
abec779131ec6bd32f5e32ed0f274400ekljo,0
880f542a275df1251612886d408b32e8m96cp,0
80d8e3bfc8a2ecbf22614befbdaacf5fo6o5o,0
874f882f7efff96263e9b555415aac36dsxry,0
db5e9f85e7d180f7d952f12e5dae5900q9xif,0
583ce05b5add00d9e7e5dcefb3c436f26d7c2,0
8e0462410d727b34290fec10fd5661761yc8u,0
d91a4421996dcf429f575e372915cdcedae6g,0
ca76df527977e5168e1b3352cfab2ed9htipb,0
497ef6187e03fd9d4387ac436461a40f982dq,0
2d73ed3974473a764859084d51334440k5q7s,0
ff3ae9450581aa3de5d2326f70e39d20w8fbl,0
84a769adc98498f52debfe57b93a0789556f4,0
00cc97158e6f4cb8eac3c0075918b7ffi5k8o,0
43bd7fe0ed7629fa774a461127a629f19je0a,0
fa9cfea85e90bec313e512e9eeab2e869tvx8,0
664adb319c2be43104b6565a8ff293dea0f01,0
36b84c776aea2e008180dbc72393ed750zsbr,0
59d96b423ea3ed56611686300b681f3defm4n,0
82bec02fec2f08899489d7a5c35a30a0lbszo,0
1870650d20a97db60ce4133bb9352b69h9phj,0
84bd02dc56fb7c3402426ef7e8e166e2ptwo6,0
4bddcd4957ff826dfd3b3efe6eb96be9aw5tz,0
e909515a6ae94a86027c717c4085954akbpt2,0
bd0071b98d9479130e5c053a244fe6f1muj8h,0
a4630d8b78c796441a1be187f6907b11c5eu0,0
a7454ee6fbb69c4079caf5b5b92574abi6pyh,0
fe19fadb955fee4c5fcd0e30e56e1542kx66p,0
c17c63af831939f5e2fd12f65821db65umonm,0
30c3c92cc9408f55cfa895ff8a505930a3yy1,0
b1bc9ff2b98df742affda07c5977c7345dpm5,0
226017dcd6506ce20886540ff734210d8hib1,0
11a38554244f3c14de043aaf52345c35jjqvo,0
14c69cd7fbc8300876f287520c493fc8xe2o6,0
429b876aa7e2d6741ddf322685363ccchue2v,0
e2bda091a91082b774d59f2c5b8480ebbijs5,0
a447127835855849fa2ee496d05e0847fgt68,0
5d02346d70f11cd61d9fb955846ee9bdp5o6k,0
0870fb7e5701f3ba56762b03e157afdc1yw7u,0
408f81a85f3b31f8cabedf6ccd381961pop72,0
dfa45994c8471762d04deb23c6450598byp8y,0
920540ac4168ed08a1e297395a68d718gsqdn,0
1a764d01d19a1408382ccace87e61c9fndlo9,0
c1d9c4c69367536d7b0ccac19527629f65025,0
6b28baf315d41017844e15d645bb2c05ybt3b,0
98aa09a7ca13559a9e2a43fa2ba4d2b7klwin,0
c871daa6b709e008825b667b05efddca04jbe,0
7cb144485c703ac09fc73aa646041f72ogqwv,0
4f07602a713c192a941204b27e2abcf1srnke,0
3d575194dae5a2e2966abdf84d800a3bgbsd8,0
317d3e44b2bcfdd7293b84f82f44b8e31hx1r,0
c0e1ecd40b81bda3b7dcec501334499dgzq17,0
17dbe14676cd3a3cb8a7edb438622f7fv2scv,0
d63671871e4010e904b9419e48781565weafn,0
e67abc3ba39537cc640678297a7c5bfag490k,0
90fe8d6fc0bbe4ff2ca7833fe51bddbaaibof,0
e54c3b01eab75ad3a616d56dd06ebef758ua8,0
0565a780f2c5b46837bbe9739ef15ea92fdu0,0
1982c4b164171180d480166feae881ecmxsgl,0
ca5730b8dad8f35fba24b68c9ca5d445mp87i,0
cf22da37578048d2e51eca1e544c693cke5t3,0
28763f241cf0483ca1dd3aa1bbcbfc37xntso,0
7ce12bb499c156ba4513becaa42aa8c143v75,0
a664b6b42fd48403fbd34800063fa50bz6k4m,0
efc61ad6db17265a4bac85f77b154ef414tpp,0
7da6a36817cf2d8c3be218a32ab25550c8kg7,0
10f01aff2fc23653ca7ea1d74248357a889wv,0
2e33b1ee8a9d4a5cc5f886ca455e8f86kxu5r,0
29013ddeb60a18f7d3bf9f3aaaebae6c8651o,0
49eaad86d095aa5af75ce34e59e4b7f1mmf9q,0
465c4f2ad08cc1e5f7a5e1e3ac75654ealh0g,0
b5310019f2bbbd975c64dc11189191022k8tj,0
c6f07c222aa3a9d35b0e01f8959ffd21oownr,0
f8f87e237833c3279a953b785653b0e5qka8u,0
05c6b93bf8f083b2d0a03ffc0fc3524ba8fi5,0
20fcf71ad6fbd43f6f5fe493a6bc3ecfextqf,0
e76057d8bcdbb3d2f935c30849a17e4d7ordt,0
7ce3afe39ece9d672e9adcf3dcf2aa44a8r22,0
b8da3e0dc73d1f453ecbe6ee4d4e8791pr8az,0
74ae4f7b1692dc42622696303d9d4d763vksg,0
15f34e73687d7361ac0d780737fca261g2s9n,0
8abc7635daf75f9fbeb63783b7b8ccd5rvuyo,0
e4bee4e53a19aaf71e0ac0e3be752b2cz3k1j,0
b217ca4cdea62a3977481e398d2cc9bd4sxht,0
4992da4511c3c1b4efed3e16c7d8dec65ilfj,0
2fe472c1be232dca314d4bdf0fa95165rjv69,0
d3ab33e9314c95d6806813171f292299tmprm,0
77bc113594866d4902d6f867a456750c9vvmu,0
520b616c26fc47935f6bcd5ec063eaa7w15t8,0
cb557e4675bf4f36f93ef5599adff545nz370,0
6394edfbd35aab54801518835e33ed50hcr5f,0
f4d69870de1e803fe00f8126e73a7e33zwcds,0
bd7d5414174da6df4b018c21495e8a2cxiose,0
a99f91d51e8d9f5786dfa52e24292dfebi55j,0
a4734769962126673e975a627e930b5fgc79n,0
80bf6ab93fbb8316efd5c0b42d4b46c83qrdn,0
c780bc2dc7ab83d5e5c85dd13f0f7fdecfxjq,0
a25f4c6838b83e0fcba372300c23c2537k5eq,0
1476226300a93d22b15253ed7339429a7ijk0,0
cf4eb0f68d47e6d4b92befd0b8fff39a098cd,0
7264bde42ef4fe3fa19cc7c6d64696cf7pqtd,0
dcd54d7afa6820e3f00e1c9e83aecc7b4f3lw,0
5720c8d7bc15b94037cd75ff9496a35evugeo,0
f2f10539ed947e4b141b2e9bf21af65ecz4f7,0
d1be739798ba0745a1fd72ac918a9f1929hei,0
d927c987f8a4ba2dc4f38dadc0831100tt94p,0
1cbd9081de4481ada66f1853737f7684ddjd1,0
40ef6a4a0c99b478fee1c93f4105b9d9mh9iv,0
25558d24bca82beef0f9db4ba1fe2045ynnvq,0
dd661e2d6e79a5b3e66c82373d50f3ee86k85,0
5097b3a4011380b5d9447e1a7a20b1a556yzj,0
4aad6f0ffe775217e4ef8c91d69707545li52,0
12c1b22ede3c23949bf130cc7bac6316ks7fj,0
e5f43783127506211df8c6290c2ecadbyr779,0
c8e474ba549fe924bff9d3f585a9943cg9aju,0
23af639c0bd57bfe9bcf3b16973d58b7666fe,0
0825d381aa09d1d0c47c77c372f07acbe02ky,0
86151544b29ad273209ec4605c257b089z588,0
4ab56df4b1befe3e2ce5cd98e8950ba2psqq2,0
63424f85cf53557fdb5dfc6a280af75epl45b,0
c1d14f4355b7d3ef80f02628e5ef1d56u2510,0
585b938fd44968d0d59fcac453cfb3b8p8nti,0
f4294bb3abb69fa3183e7e851b58b278k83z3,0
08c39ef7252995e0749f7927249b8dcb1d3xh,0
f8e90361c36eb3f6fbd485748e731fb7w2ci4,0
2b5c4051f232c4848dbbb477c5ad7f389f4b6,0
050a3b29ca1818e1f237df8132bc2013bcuxi,0
af98b7d5a7c1ccd2968252a2fb1c06f69igbv,0
8066d0a6ab30c52b3ddca5da19518b6188t23,0
d3f595832d80988c2016aeafd125d8f072r4h,0
bff9a98b73f2b9a01300d3fd3d55b16b1190o,0
4cf9c56df4594860df56285e9293a7f7evfix,0
74fc24cafc7c5936d0422b8da306365byjv2b,0
936d542904f515ea87bab7996497b11aszyco,0
70cc5da141baac4712163f5cd4bd4a50za0n9,0
4b72cbc9d9ef0238bb666feea6d79e718qry1,0
76a8a9566e21595a1ac06cc0050626c1q7a83,0
c748f0d69cc89d5812c9fe3a6413bbb26351l,0
46a28eaed47c29b4fd148a50cde44840u0bsn,0
aa75d58c3e1207618d47c72ffb19c872bolg8,0
1a9765ed302d0f91b512c23112066e41s755q,0
c600968815fc32b20e0519ecfce5b648en2wo,0
29b8af2fea3881ef61911612372dac41vczqv,0
0030a2dd87ad2733e0873062e4f83954mkj86,0
c900620a019e78a3eee44109e4d1e1d2xd2gj,0
bcbd5c95680cab78cf904fb936dd03f86g19z,0
eacfdb47b3daccebd9f16779c5542fe5eytoc,0
0547dbd3ecb4a293913f138d60b586fdf4ane,0
37921a9d842612b3b0281f7098d0002539xrj,0
9d8a1ddb38499b3403a6a93395ef29bcrznni,0
e0824707d4a78230ae54209a920bc3e3pzdpp,0
a8c2410eb81513da23261a49135e4eeacw6dw,0
4089a2b7f26e5c13a7f3350bd52ebf8fh21nm,0
32d2ce86b00693f0c26314e3cce2438dvxbt3,0
36473d4c641c4c09c20c80e2ab35a36dwzp5d,0
b28e6a39ef0cdda29c5e350e048c3a813idk1,0
bdeb5eed17a812d2c47176e30b8553ae2k06g,0
8f00a4c4d7f097bc1688f8d89431f6bfmodq2,0
60b8145bcfed7a5f2a23b596a8aff99cdzn4m,0
cd856579a7c4850b60d8763520339449x0mqg,0
b64c209b3d1d91a663d134961af89125u0s9a,0
17c59325ec223c94dcb301a7451c39871vxq3,0
46f1d7df0a8ffcc10c3de0dad8979cabgr9ig,0
b9743f78108aefe3995e1c2291b5f3278cgpk,0
916d2d806b772c9f227a9b3640e31469ljrxo,0
72dd0e4788d25f62cc2ba942bb9499dc7quqj,0
2635d404f4943f3dbee24aa16a2953c723iwd,0
6e178db6d17d21aa88aaca5bf15c2761lc500,0
69b32dd82f265a04826106d17e2bac9ao9fu8,0
c8d972b803b46212369cf1b480328dcehb9jl,0
ef65488c949595d7885525ccfab9100c6cmqb,0
942563fa6695a4b2f76ab6ff3bd58030i75z7,0
e9b27622a64f2eb9dc7559d43bc45e31yci23,0
42025aabb56a61f3bea90d27b283b517dyk4t,0
1a5d7993b43386f64fcf4b84e7b183a6ref21,0
ee052a24cd3164af9d08fe77bd6b79dfrbelk,0
3694aa599f836a57b671ee0814b071775i1nf,0
f46cfa9acdb6a4c419c70c19be4ff9523uixs,0
361397432ed35185b5a2789867a859ec42v14,0
bc3d08ad6ac94b8b5ce40a29b59899cakj3p5,0
481db1a88023d22b3533044bff5239dbf3cda,0
1214fbf35079e7afc0a35645f8be8b218fd5o,0
9af8e7dbdc3c620c8144d736242b3bd2fdbpx,0
177b031b4a77f28ff167b427ca967b52jetgo,0
949689cced5d86578e6c8b664ea76d6aq6zxg,0
b258a38ef4cc6ea241b5473ee9badd32ekhoy,0
dc4efb7e05563288d1f2ac4ca65c6734017ql,0
2cc1c5bf18c858fd9c74901d8d80ab70ak8e0,0
1ccc69e376c95da9bd569a5d1a176874ivojs,0
89291354b0939c342be97fa58e018bd89fvcf,0
4f57e657df5ee5d9207178b4b6858ddak9ouq,0
4f7331589f84c6359bd693513bc9d7ddlitos,0
fa64fdb8ad70e86efbfc31179e93e99egd27l,0
61a4da78a5aa5bebcb3e9818a46771766gtq7,0
96dccfc370343f6871dc478d5b2fc3ffx95d3,0
24029e6b641077ab7b9a1fde11a42666pkz6z,0
058a4e0ac0a20f504cc9c6aae2a896e6too9v,0
d1200a75b6c05584f4f902e74d3dead76cj15,0
dc752fa41d974bf688d25ea9d18e9a2eit904,0
0589cf78c4bece729f0ac620557210e13no3n,0
3ee7de4c5a5e31b7b407827ae1370f70suenu,0
781972f2af3af2abc492f9dbb0f6fceahnban,0
3105d663ef3dff7e483a46c56580a9f9kd7f8,0
03aafab9868455b78f0723eda86698ba9v9rm,0
84c7bbdc12233f88f35c2c3b8f178803ta03m,0
4073de52fb5c46376dc3cac6b2f2cecdxyqjg,0
06ddad46112881df154e3bda0e90fe880r57n,0
8d500e174fc28d494482f8ccb9438608zd51s,0
414af5edf09c473bde75644b76a68e7feesrw,0
b46132a554a2a3b93efc5a9352036e6crl6sk,0
786fd201d9c952bc3453d4b3a6fa64046d8wb,0
7ffd9b7b795d9335153d481fba4b3076plrxc,0
88acd2e23ea6817d9d9fc28f38a8d1aftqssz,0
38d9e2e83f25229bd75bfcdc39d776baz5zu2,0
33ba799fab5e4145b54fac4234bb6e13up0tu,0
1aa485901ede7baf78ea116e297e9d7f9en6i,0
86e888c2dafacf13580a1211abf50961w6foa,0
bc3b92a81586cb726cbf4d5b418fee41o20sj,0
0d0b3d6dc27d0f8eed70971f8c6bec1bdrs0f,0
1bbfbd968c065ff5dabeffe311bc3ddeezbof,0
6aeab198df208f8628825f7eb3ec3701p2ybk,0
57e1892d3d62d87c9ba5e8425a1958c0fn11u,0
83c9359ad94eab7f4b8fd582a6db4733frmsr,0
0e5ec5baf2e15afdbf5212d8461e1ad9h3kr0,0
d65c538ae39fc1a7e0677583bba5fdc6ax1et,0
ef905e4d866c43dbc345751e7fabe5a568kjs,0
4fcdd880c4e1a1767c4d26f74bb3466f11osj,0
96caf14832aa8be04d98aa481b320392kb2gc,0
047558bebab9292a5d4c85d6ee768784j2hdd,0
17e4d6d9a1f8ec00cec1d4fe79b059bd51476,0
518e9fb1055de6532ed2df6d03fb78feus5s0,0
91b8febfd1f556c06838992814e7653cr119e,0
f5edfebe95b4f637d1bcceb892b73dc7rhn7l,0
78830493a121b8b6917d246ec73ccb4anwocl,0
f0567f6d45c0f83b9874681fe8dfe0ba6hjlf,0
9f793ee6e6df7f69b5a5acb4e13db0476b26x,0
d0231e5200b870c055db7e3daae24bc8lt7at,0
e3ccc9bd16fa1f4a92fe87b4a54e5e72uficw,0
1d69e006699adba0c79ab06f2f622445nuu63,0
55abcd1b00c6b5b54633fc7e98f0110bwoy3v,0
ee45b2475e453e69ce712388959fe4acspmvk,0
2918b09c1ed9e9e8602f85175b266aeej5v6w,0
b6a7b5bba132a90e7c7cb350d2bfa52d7sion,0
c0549e76b179912d52a28c3eb9b29376yaxvu,0
403640a20dbd2c4bf554e558de137deckn70o,0
a13da89a3a54ac9b4ced156542afca5ddyumw,0
79794d93380946ef72e95f55b4abc008hsns6,0
4761b2fdb4ce610d1d8dd9ea50f478cf7et0f,0
8bc48bc2cd0ee494e55470a7ab0814c12riuf,0
233e09e861813cd087e8937f32a29bccs7b3l,0
44d34926c0863edb7575b819980e0e728pn5b,0
ffaf0a972a6dcb3910fd6b16045781e2ava5y,0
5b0665172160ea4015e79dfbcfa7ed86oe0mc,0
9a272c3baede0633bab0e15ff98d207e3ldpv,0
2daa71f0d138b8c2d61583d3b98a25e1mjp9c,0
167b4f37a264b72feb0f559b650d1cbd3ox60,0
2794512e8edad5f99d28c33c7560fccb9zl8i,0
d6517684989560cbb0da1fb2f5bbba9b9y2st,0
640f41f27c03aca0c45775eb918b666cnjsqv,0
6a76d66f035914f93ebc725a0998b399r4gdq,0
308def7f05575db9bcb6a67207d6c1beb2cqt,0
313ede314e2e05c31471fd6a93f98af713jud,0
8b4bcc98fa4666b22c7a17c9a4b93ebenlmlb,0
8cab09b069755eca2b4e7fd6f6981d7d8n88o,0
ffacbed056cbfaa60c1fcf51f0d381bddr3ly,0
5106dcca581b63cf2226110a9048ee4846sxb,0
4c67576a6f30a158d16d790a7fc482b0zqxue,0
d8d90875fbcf94c3b4c5c00479cbed6e1mqrl,0
2b4b36fd77eaeabbdad8fac68b17ece5ey04u,0
284cd72e028fe176f935114521ee998c5jsko,0
2366cd7cf3df530ef4fe40b36ffb936fyn3rh,0
848d3eaa622b26fe57d352eedd9649f4v6obv,0
d5f997729fd5a0aa13307e027804de515jziv,0
76ed824b414b5e690ff82e7cd2f5be52256my,0
8cb96eaadc11cf4f914bad84518632e7czdyl,0
1880a778c9dd0cb15ca1f052308a8e04g7e35,0
7d44df0d40982a6651a06cf533ef5dddtppag,0
cbe756ce81f5c420a1f7079791ed9aa2js2u7,0
66513f72be85596a527f9f653db3cb72cq4jg,0
313bb0007cbdd82f326d58c96847294c9hz4k,0
3144ea2711bef53de88d89d71acd16c5q0bzh,0
8c09f4afd78059d9200cddc435f5c48ceph11,0
9be39ea5a0612fae7bc43a25a6d10856l3qaj,0
e5fd2ebbf5bac9ddc73ce524e1b33c3akti0q,0
58c3300ea9095cf5e59e27abf2a905ce7tl6p,0
6d501ebf066c0331853f1bee9754e781obu7z,0
2d113999234e06201c0940286d405453wqjsw,0
3c77ec9f79f6febf630325ef84f2a0bcl3qg1,0
0d0d43ac593a891ce100d8202d3d72c3xsma8,0
100d406b638e84e2da7c31b03100b874qiay2,0
e0413f338c43c9d55ba53612d2068f65t4gs6,0
171fbac128e6dcb51d0f07cf7ed8bd3er891e,0
417adcdcd7157e75c66469c07208af00qjnuo,0
95fede5853bfffda8f50f6af494ff1d1hsgie,0
d863897264a7e52d9c6a1be6dc453c6c9anz0,0
4dd2a50e589cde2802c4bab143dea61ak517w,0
8f6605a649ae41fe950a6bf579452464d9lmc,0
6b9a3d480add21788772e118e6d51ed57e3w9,0
292dedb5371b8e0ebbeea57f14b35713e2ie2,0
8ec8add138ed551bd5a9175eae0cb972ie0pk,0
baff2ce04381eb1bc4747d557bf52208vqmby,0
e4a9bdad09ebc5d5a264723855fcaaad6q52x,0
762046a235e00ec6521ba71aaa1450c28ijkz,0
4997f0d7074a1d9f8bedf5575b6a4372w7nro,0
8322695c21cb27accf0fe269438bd78fn3x44,0
7eaefc97fbf6af12e930528151f86eb91bafh,0
68d468e15e0de0bab9694cdca8e799eb2j8kn,0
fe4906ac4c8e2db5ed5a71e8a9d10080u6g7o,0
a6f994251abda6687ada2e9de52bddb5cisa7,0
3043fb0b4a1904222f640107f84d6f799tves,0
dd1675bf26316cd4630087fb47d0ff8fsug8e,0
aaa8650a6e0997e90e4b6a9fc2ddf555m5c1g,0
1cd8d86911413c73e92ad1170cae68c3pocsn,0
67a1b129ca241c51d0abb5484f8eb3fct8o5c,0
c7ce5ac2fe5f03458fab59c78b19bf7c9wzf7,0
a0660fe8a46b9cb6b02e7b0c50eef6a905vt6,0
00a0517965f18610417ee784a05f494d4dw6e,0
d7eefaad31febe607c252199a7672420kl1el,0
aa8aeba2bdd0353a108b9b26f12ed59559mvz,0
cafa845bd657b17eaa82940d4767d9dfe9uxg,0
12d6239a92972a35bc990225b3ab33466znm8,0
1bb7a8c04e70386f5496322158e9fc3ef6d84,0
8c2bdb9dd878a811701838002627a056be0ce,0
67fbdc4209a1566288acba904a2b5a7ee588g,0
2d2839fa92d1c8e94bdeb1fbb9e62149x6xc5,0
c128bfe7aba668d71126d51b32428c01tkq99,0
f473c995ca7b5287f9b2f079f0d78a1e92226,0
e561791343f3564a6fc612a98b5f3df34rxok,0
c89ad997f646e388fe375d7fe33a3727dzrh0,0
3d48fb12020c1a81a65fdba2d75caf0d6q2nc,0
6e4d22dbabcf2eaae5689c7d155e1c1fev15l,0
a4475cf8808f8951dd5163ded3ee8032g9vxd,0
f01d8d55568b1f54b6946a1b78a3983exkz5u,0
e97becf0d4632035ad4cd5e65c827d6f0xawy,0
dbdb69d0032b0a251469107dd565b6c7irr4a,0
a8b8959fe64f490d32fc15a5d1144f87qj9ai,0
b6a3aa8c0f2302fa35d7b809d9371deeypvyh,0
93ab2dedd76c1859885cf724ebcd987c9ngfi,0
40829191b83242ef1f380f90876cdd74mrqe1,0
820dc943d26965d377be315497837bba5iz67,0
dc9a7ebdb6fb8dd3267ac26dbe5a62b68e4vw,0
624f258b49e77713fc34034560f93fb3hu3jo,0
5c725e840bcc103bb8d12c54ba9a0b37blxvw,0
8c339df2050a428c04a1c2bcbfe4a143loj8l,0
20cb327bff59dc8f4fe1ac68a30f02eb6jrq6,0
fcda141af3b545332fc3b2d55a8bba74uw7s0,0
30da67f34e3cc215b3bdad588410fab5655fx,0
f8c42ccd10c3fe515e53082f0cde9a18oxgws,0
445305769cbfccafc89ff5ebd004598einesy,0
dadbcec8b02ac75c5935f419b318ceca1wwjw,0
ca0c049b8c37c99ef93b6086e9947135onppq,0
8152c94b639be88e7076f0e32bd70e0eg004b,0
466ebf78d7326a38db1e19fdc1c70e9b1qu0z,0
cf9a1c3af63d1bc3f55728b4a06a5f46njrac,0
3e2e03a4464642627e223fba066182d1qslv5,0
bb790a228de797253bf6afa43ee52eba1s2dx,0
37bb1697e1c3922a06c2d2ea4138a4c8s6wgk,0
d810a7956e4d9fbc246d585ce84e8ea0750b2,0
0f8cb1baa83fefac10f885f79149bf13kn4nw,0
877d96d9abeb73e437a8ebd74abbbf45p8s80,0
8b809e18804865ff2a2e799c9a5e8a48mtxdh,0
7f603f668968facebb0567015ad4c201kikrh,0
d27221cf2bfaf0fa7a60ffd3e1e3a53efagvp,0
147164a9fe8a6bce381a224e9f13207cc1mdg,0
42f754cb72e01c08005598e1f9383341fn7xh,0
a1f4d216a1a92507d97166151d7c9fe37bei4,0
e587d92842526255c86d3b0d425747ecib83l,0
f428427d7227ddcda377cd00f07749576c6b3,0
fe27fe0815883aa3e1a312f0dcb45981txa2m,0
308a5541e1206e126ef80f18cc29b7017520l,0
9f2086ccb71acd84652f861517d4dff9du4y4,0
14bcf558addd6e6f2818ab2bda7dc679jqoon,0
05c9fe8f8852ea069a93dfe39fc0571er9mdt,0
205c519be884c5b1c885f61c4ba8738a737qg,0
e1da7d96b83f16aa80cc254572cc154fcoudy,0
43295f805d813e816fee438d9a394bc4o4of1,0
f7e3635c9a532fb9a60d6eda6eb7c7de3uqs2,0
bf6f2ca50a3a6a3113681e754307aa4ehnd5j,0
429f301119adc32d35541dd4d60903563s7nr,0
c9056fc0cade75299ed4438567a87d6ek44pt,0
f6a7e7b14d39804c7d15627e2fa384a1cq892,0
12fefd74d82d90541872847f199f6324cowi5,0
c6108e22518279361de99b3c7c298235mkoa9,0
4703c8940eaa3f3bf5082ec2f155a8619i1yw,0
2012c722a90bc47f1abbc8319d0cea51p7l5b,0
acf06eabed56f179cf32ab60b6b076820ajls,0
9ba7cbcf531c20ef7cc55a6da5c0654evwt1d,0
26190fcf0babdbe0b0d903f325c52873tpj7e,0
4d1542974bc322859d3d099b8c5193felot1k,0
fbca8e44d824faa1fa6b99325758ff19vi94a,0
f5ab013f90cb8890d33c6a309798204155q15,0
99bcfc00be736e03facf0afeb79ac533cs7tp,0
ce7d34398a6d6011bcd96ff0aa82b6674hxzl,0
ecce760edfc6ec5cd5ddc7037c514dc3zod4i,0
1053ead33eb1a5db7c36c979a455348abh9ns,0
c41cd6791e262b44d26bdb3443fcfba97wlm3,0
2d6a70a8341ea0fbe4c8537ffbce919etg4x0,0
5f56908449455ee9670c7947614f7b4bxak3c,0
99a3bacd3eb66c909a02b85402ac38dfskz65,0
e03311c7620a8098b7a177a5f1ad213ernao3,0
458c8c4e10e5c1b29e3fbe5ee56d46e8y3fb3,0
ff181014a0d7bb534fb9a35f22e24fe72m1d5,0
7ec5c7e2317a9b68e861060531588f76fpldj,0
98c12418158dfb9494af01308ac2d0588gfw2,0
05a07a27e235d01fe480ea6ac73b8838jq28x,0
1291b98e40353f77928e363d54a13c569bhfb,0
d6fd864297177c38cea65aed8a45fb7bbp2e3,0
d2138bce99f535c244dab68652ccfa2enshxk,0
f0e1c483773c2ef8466d152874872139e0wcu,0
796961698c2f2442e73c5195062370caawzzo,0
2b13a870a46975494b749feea0c5c7ed170ll,0
9b733fcc97535e27037c231858a711adyzvqf,0
ac9bf3a07831666bde4fefb75c184adekbrl0,0
d7340ee3c04e600c31fd2a34c760f7e7d26bn,0
022ac3a7ce986049d9a4bede83ccf9ddctvg6,0
96b1df591dbbf3a002578574671d9ff1rmzev,0
5948bcd0f773286ff7d5cde332c7ae6918jt6,0
9ab3bca29dbc32070cd7f729ea55639a350tu,0
3ef2325f8b68e1c030547a2a54ea6b98zwa2w,0
92ce3c44edd41ad3222481daac1ead35bouwj,0
953e01bab9ac8786b4bfc77d183732bbqw6ng,0
98e6dd2906ef1f7c13284a309f6b160cb2ujz,0
535ed161b4c9960a71ccd53128df4766ddyq6,0
db12e9cad5e847cd7a40ec1ee649e475iwzqo,0
655a95d80489d145052254616787cb84fwqid,0
f73eb6e2e7a872f97c715ccdcddac77am8bq5,0
1c61726e316d5a16aaa80b429080c534u43s0,0
6e18a078182a21b8522bb69a822cc338in7rn,0
4ab12bc61c82ddd9c2d65e60555808acqgos1,0
eaac863aaf84acb7529462118e7953c3oeky6,0
d38b2db568fb71174bf883554bea939ccts4m,0
9819825acfa7e20c47a78bda5e76b195jh0gd,0
a3ef8857f2e33ecd25c409622b4e3ebcij8hv,0
5920a92dc2b65e257061017a04eb5361tpa9b,0
b8e47f06aef714b37073e72ac40a8100mew9c,0
7ba17b1eb362ef91a99a6f021b3f2b63uyo76,0
c616385a2762ecfd8e4ea16d8a1f2596qw07a,0
b0014101fe1b510ea150c149145dbced3q3md,0
83e8aa6cb15daa745c75ba3c29a2f646zjw33,0
4922d20e07d04601e8724be5e9f9576blyccu,0
a9062f1d7c589bb01ee0b330ee8791fc702il,0
6130cfe76ed3bd87c8f8dc6b2b2786dcp44xy,0
a639448bde9a72923b70917e82594fc66sa2f,0
042780ee9a3730703e35340c575c3cbb7zjwk,0
9349befb45c4869b68e82a1944f4f01377cpz,0
14e29ea004067aace14ee4543876a06365os8,0
e588d3f7a141147e4f8dba29377144707vupo,0
e18e3d0fbfba81cedcae619dfa977875p10ta,0
f35082c6d72f1f1be3dd23f949db1f577t6wd,0
eaaae0fb54c7d36724a9679c3128d5a7gn4k5,0
bf190f2cffc1a77f0957f8cd1c98257dofy08,0
b729f60d26fde89a01f3fa89759d6b07t0ec4,0
83dbbc6c5c7ed95048ffa9427d807692339oi,0
392d936106b75256632c9dc83c4f1a169bke9,0
f1e57f96a91c185a7ea716c2481cabecpi3ia,0
4c341a39553faef07ddb917ea4e069ed0yi3y,0
1dfb637157cc0e590e50d724cd4cad6d4cacw,0
b5a92183d20e5ca98da4065c874e0b9dezbhx,0
52c441804b89bc20e4c8dd625bf163f27o2zb,0
7b5bd948eb1d8075be58ec9240927bb59ugz3,0
8ea020a1fdccfd726f74ed7e90dc3400zy9iy,0
0c55920fb607fef2d33324f33565758a6e4dj,0
225716d7bdf8f90cb4a4b779c663cea5j9sqp,0
5bb3c3ff71ef6560c7600c512128ffc8js7py,0
24284d3fc3334e0adeb6bb95637ca62d6dm96,0
fb9b1e58ffba4b38175c11e03e51e1f48dnm1,0
bc7722baf876d0735ddc885691eb687bgz365,0
04c6b750b0552089c87ae03de72289cfcpfmh,0
6affd6d2976aa7c48dac70612fc8e31ddo7j5,0
6ecd9f4b332eb790dc933aea0a1528e2qkp4y,0
06b2d71c26ef3b6e29277f761cd0db90wuwjo,0
0ea26a4028ffc16d9a8631d43e1b92105auao,0
cb705744a588c18087921e74e68cfa10oev6i,0
37ea72c53cc50112ced4f88810f1b38euoz4r,0
8e2a43abb8fcd8ef9801c69fc04bfcb5kyc41,0
e959a3ae64e28a7d3b37934c0d826867o3sp6,0
86e50263881b0d382b55777185eb648aagh1g,0
f9378eb3e522beef7e6a4e1f275bbe0eaboro,0
1a05035da8ea9dead1030ccc993b5284n1on8,0
4cd52ae88da3e30dbe01da5048151c98p4f0v,0
7b31d9d8b5e749cdd2c300cbcbb5f875kjlsz,0
2993e59bbbd7d14bf4bc21e4d2a4f8eeb18d2,0
1dce9aaf9d6b9cba38f9c7489764fe30nlrq2,0
59cad1329d42bda3d678bae082bee7edgvt7q,0
90953913d629a03e27590d0d0f64456601ktd,0
dcc5a79317a22bd0f6dca1f60fc866a8bei1d,0
e4433ef42008dcff761f12b9ade6fd31krdwv,0
977436b0a445fa555d537fbf1d4bff2e4z40h,0
86e698821a8aada613bfca1356d8cb7dopnv8,0
18b5e850a1c10e681cb5fae0704a699018x6f,0
b6e52f37365cfeae9204a9f408b8c3a4idcs7,0
20ebb9de648c6df989f04d07cf273c7b3yu8c,0
b970a53727b2bfaf02079779c846a52fj3f0q,0
8f6f7baf33fe2a5206ed3ca88446a99bmq453,0
20a2d48ac3400228e7a0296aaa596a0fvckdc,0
cad151bdf2e29b764dfd3acac022e5dcy8n83,0
a9237defb0a6478098f242b27ebcef18qrotd,0
76f17ce227e593aeff456fed46e36c83a3j72,0
1df1dab2eb718c3da3f9a0aa90b93651sxqzo,0
fa6bfb4a2156dc8e73a713cdab85bc4bmcmwr,0
d144312f2f68dc33a63b7863911b2aa459i99,0
ba194af5111cfcf1dd95eb36160c728ds4kcy,0
622a477170c3e2215b7e3cdb06db93aezz6t7,0
283987b9f1ffd4514757483ee1f01351xd678,0
75613637a85df9328b743d33b0efbf1586qow,0
65435e491aa69dd9d44d70a9aeb6e847oqlty,0
38125387ec30412c438280af8931254dmvfgb,0
026819504b59bc4eefb9963d5fe4271aql15u,0
953879d32e39e014cf8ce73daa2547cb2ke8t,0
55b39a51c925bfb42fb812ebc5fe318emsjjf,0
c9e1e860e39bb7d4dbf3c91c5d6c36c2dv4tp,0
fae553f133602fba6e9e6051dfb27fefkruax,0
91d9b706f63537c5fc0027c50b0e3b06qpdgz,0
a94c16f8a98e493e2b4390b1975e690dv8cmu,0
ae29b39843141a73b39ada671ce6b6c0yxlb6,0
1c66f261724506bee45dd18a4d221bfeh1687,0
a6d6f3f5034886fc00a1245b439de13a66ha4,0
c503bb79d4f3522f51d348c680906c1bs0w7z,0
3fe1dacbdaf96fab0c213e218968c518twu76,0
183c4e44d09bc4ab990b957e765af311vlup7,0
33a7a0121e28cca4e42494dd0f5aa03fdhlm1,0
361c6da33ccd1c0df152fd932e6fb2a69i4ux,0
31c840378b5c2e4469fd2e7f5a1e5a7d92k7u,0
afdd5c7c912f9b6a88c0c2619d618124ycm44,0
4a2d5b70f0fcec3ad9d8ac4b447efd6f3vs9c,0
9dd7e7ef94a7bc5bc9f98c42099910e7o76qh,0
f219cbb3d454b32953619d5a4551f56dcg7gy,0
db80f065a93cc6b41d12af614bc3ec11kpwjp,0
9f52fd88ba073512be19e3d24d4bb6f91l531,0
8cba56e5e7c2be942ea8472b73f0842fil1x0,0
67fd1325fbe3cd75a110cc80b9df9708l0w52,0
2b2ee7d0ebdf910833b5cb173c567881jt8sj,0
6f07ce71625a0c57aa5c0c05071cba164jmba,0
0e8212e286ee36da8945c2480e366417xa22x,0
a262e805f766306f4adb38211abf235akxqh8,0
cd9a7b22d85c35845260cd61a4b65cb2meyel,0
4955e2c318d0bdca797ce17794ba18fblhaau,0
359444416c25e6e90ddb2e3d3d0bc23dufn9s,0
53856dce9187b16f2cf5e4e58f5d0397h7tz6,0
ad590c59c30187b772258a059d532db42tf4d,0
5b25a86acea5ff395bbd62399bb5cc9bb7h6i,0
ba0ca6f98ed66bdd1c4e86db2ce4011fdk6ii,0
7f807b2eb6c391d55e67bcdf7e1cbb3fhylw0,0
b4550ab1da3a3ed6e4a206c9ef78d496q23hb,0
cf456f3c8c409ec4060142acfdabb5bbqpx7q,0
39b501f37dde9b055d627394964d3260qiktx,0
fdd836950d203286832a21b930b9f6b58ch7s,0
497b8beb19a7f674bc53acf7f5c7ec8cxv68x,0
8bc2a424939c50eaf4a652e253421b0f9b0y9,0
222d3e39d4a292d79aeef4c04e52aaf24mgkb,0
d29003d7f3ec1f0e4ca9cc17e6389b4a4phcg,0
9aca61f505f40a3b4f7865c2d00e2418s0e1f,0
342f22fed8b1e90c6ff1a6b7bd80f6334w094,0
d056594c1d7976b6ad4ba23e2b4cea19l2i0t,0
18eb8d55c84019b9196c5ca7e072b287bv68e,0
01cda526658455000913950f20cf31a2q6nsf,0
69333c66e55cdd6cabcc6ae64531fc33w20n4,0
a37b105534ddcabb169f6ae3ec928d85slw6z,0
3fae46174ef1a7dce5e9893775f814c4so8s0,0
c62a6956e93ac3b56b1292f2c2d85b1fyekav,0
a74e3962ca26514976056bae3c46d579emz6y,0
85155ae64ccbde01b48fbf4b3f1b739exmqyu,0
d42604c7cca8ec92839e92508f2a3e52ehz29,0
96f31c5b3baa8704096cc8d4301b4c96i6fyp,0
5c32e357936f8977277d9b23d8f09f34v41wt,0
c910efe1f135b08acc32b2db162362033olvv,0
61101089c1b34f409fc9b836a7f9cd163y22l,0
0f4669e36b2e721dfe27f8633b277a1575erw,0
e8b82b8640ecdd154eebe6b36ec63f0bdwhc4,0
0bf6e0e5184b3599bbb4ba1fb3a43549ije34,0
6679d668a393f336ba9d1cb6a154e03aifmkr,0
2a73f10b3b8f2b825e220ba0a1d2c49f9nikz,0
4741959d26f99012b8a6a3e3954eae40hsy6j,0
58f590a56f480589646d255d570b0877zcjw1,0
6cfd573a82acda92e8207745bca28aa7lqjcm,0
